                  epoch,         train/box_loss,         train/cls_loss,         train/dfl_loss,   metrics/precision(B),      metrics/recall(B),       metrics/mAP50(B),    metrics/mAP50-95(B),           val/box_loss,           val/cls_loss,           val/dfl_loss,                 lr/pg0,                 lr/pg1,                 lr/pg2
                      1,                 1.8294,                 1.3678,                 1.1441,                0.72702,                0.41353,                0.46467,                 0.2273,                    nan,                    nan,                    nan,             0.00066636,             0.00066636,             0.00066636
                      2,                 1.7206,                 1.1042,                 1.1303,                 0.6501,                0.25517,                0.29034,                0.14241,                    nan,                    nan,                    nan,              0.0010692,              0.0010692,              0.0010692
                      3,                 1.6475,                  1.013,                 1.1068,                0.68004,                0.26243,                0.30086,                0.14731,                    nan,                    nan,                    nan,              0.0012079,              0.0012079,              0.0012079
                      4,                 1.6033,                0.94494,                 1.0791,                0.68272,                0.26561,                0.30741,                0.15224,                    nan,                    nan,                    nan,               0.000812,               0.000812,               0.000812
                      5,                  1.552,                0.88105,                 1.0572,                0.69467,                0.27738,                0.31953,                0.16134,                    nan,                    nan,                    nan,               0.000416,               0.000416,               0.000416
